"rep","excess_a","excess_c","closer_a","closer_c"
1,-0.0206695859505361,-0.0147664364095229,0.5,0.75
2,0.0609505908171702,-0.00114403836325951,0.5,0.5
3,0.0233804715117071,-0.0120631992655325,0.333333333333333,0.75
4,-0.00842418152065957,-0.0103149423759488,0.583333333333333,0.583333333333333
5,0.0248012176441702,-0.0156258190172336,0.25,0.583333333333333
6,0.016109520484458,-0.00391035988667655,0.583333333333333,0.333333333333333
7,-0.00109151434201037,-0.0234073895105049,0.416666666666667,0.583333333333333
8,-0.00432533401250444,-0.0192614203022599,0.5,0.75
9,0.00729844405459786,-0.000910362613218378,0.583333333333333,0.416666666666667
10,0.0260878700594954,-0.00827826611017665,0.333333333333333,0.666666666666667
11,0.0150968396711512,-0.00117410122701032,0.416666666666667,0.5
12,0.0500841832838523,-0.0332867236641789,0.25,0.75
13,0.0233923137378969,-0.0298916229599327,0.416666666666667,0.666666666666667
14,0.0403365697861833,0.00312307939604763,0.583333333333333,0.5
15,0.0301850368216268,-0.00908918082325883,0.416666666666667,0.333333333333333
16,0.0144488463467794,-0.00303419023926895,0.25,0.5
17,-0.0251442345579214,-0.0231055278755844,0.583333333333333,0.916666666666667
18,0.000860333299665186,-0.0151772139600714,0.5,0.833333333333333
19,-0.00962864107100347,-0.016513060246275,0.583333333333333,0.75
20,0.033240745436176,-0.00591302990247262,0.333333333333333,0.583333333333333
21,0.00630914539545492,-0.00622496233536197,0.583333333333333,0.666666666666667
22,0.0346150791187484,-0.0232502709966321,0.416666666666667,0.583333333333333
23,0.021163430770704,-0.0128725426863062,0.166666666666667,0.5
24,0.0166785825636368,-0.00924395331525912,0.333333333333333,0.666666666666667
25,0.0271071131379877,-0.0146857023919862,0.25,0.416666666666667
26,0.0160462852843191,-0.0269582730657252,0.333333333333333,0.666666666666667
27,0.0177748015347355,-0.0505083399436905,0.5,0.5
28,0.00524347801937048,-0.0296594878313935,0.5,0.666666666666667
29,0.0429216577537545,4.62016128288945e-05,0.333333333333333,0.583333333333333
30,-0.00218506224572305,-0.0126489882086479,0.416666666666667,0.5
31,0.0341725846218234,-0.0125771521336929,0.5,0.5
32,0.00248604277804503,-0.0235579989384945,0.5,0.75
33,0.0334659298671884,-0.0193531339365819,0.5,0.583333333333333
34,0.0319817415367445,0.00465046269104163,0.0833333333333333,0.416666666666667
35,0.00394350541775651,-0.0197686545112775,0.583333333333333,0.75
36,-0.0106991859833792,-0.0433622195647359,0.5,0.666666666666667
37,0.0136620831777797,-0.0148853540244318,0.333333333333333,0.75
38,0.0317497434135279,-0.00953032192052421,0.333333333333333,0.75
39,0.0174264735839773,-0.0189455481526373,0.25,0.666666666666667
40,0.0259812383448898,-0.0246564206322521,0.25,0.75
41,-0.00328219754979359,-0.0107103575372421,0.583333333333333,0.5
42,0.0275263247117362,-0.0273345030010278,0.583333333333333,0.75
43,0.01629008984637,-0.00448173844846276,0.416666666666667,0.5
44,0.014661997988588,-0.0349851109451783,0.5,0.666666666666667
45,-0.0103656143063819,-0.0342642124420642,0.5,1
46,0.0167094230667836,-0.0338545978785965,0.416666666666667,0.583333333333333
47,0.00283852612635159,-0.0153606650577375,0.416666666666667,0.5
48,0.0102613848699566,-0.0238140305310864,0.5,0.666666666666667
49,0.0315629510543883,-0.00190569404335616,0.5,0.5
50,0.00888886640401485,0.00731117594533377,0.5,0.416666666666667
51,-0.00756050100939204,-0.00270033123588183,0.416666666666667,0.416666666666667
52,0.0266115161696051,-0.00406271752503613,0.5,0.333333333333333
53,0.00590975542128339,-0.000781008073959089,0.5,0.416666666666667
54,0.00690003513622253,-0.0215585745447365,0.416666666666667,0.833333333333333
55,0.0296137309025205,-0.00677002684531109,0.5,0.583333333333333
56,-0.00267645566334033,-0.00287142406451326,0.583333333333333,0.583333333333333
57,-0.00711458597478805,-0.0200381871713122,0.583333333333333,0.833333333333333
58,-0.0222501553668723,-0.0378639951221143,0.75,0.666666666666667
59,-0.0248718091748694,-0.0193871454377497,0.75,0.75
60,0.00162982383294469,-0.0213367911514558,0.583333333333333,0.666666666666667
61,0.015692387348214,-0.0177378476959388,0.5,0.833333333333333
62,0.0218812779169307,-0.00969505616458726,0.416666666666667,0.666666666666667
63,0.00834634537909579,-0.0215457486708602,0.416666666666667,0.5
64,0.0170439390019423,-0.0092394859118904,0.666666666666667,0.75
65,0.0297907263453362,-0.0280619210266712,0.333333333333333,0.75
66,0.0156644425819368,-0.0193493054581165,0.416666666666667,0.75
67,0.00444820624780388,-0.0260098008845017,0.666666666666667,0.75
68,-0.0474026812038203,-0.087256267935448,0.5,0.833333333333333
69,0.000833127019843824,-0.0111609794232877,0.583333333333333,0.583333333333333
70,-0.0100789777343992,-0.00236355774804527,0.666666666666667,0.583333333333333
71,0.0157738601979424,-0.00964807731066901,0.416666666666667,0.75
72,-0.00266282904802857,-0.0289021863391708,0.416666666666667,0.583333333333333
73,-0.0112580108367124,-0.0340389596554696,0.75,0.75
74,-0.00238666349434541,-0.00201734615777129,0.416666666666667,0.583333333333333
75,0.0510774545123661,-0.0101496067089744,0.166666666666667,0.666666666666667
76,0.00431233062257039,-0.045985915789461,0.583333333333333,0.75
77,0.0317827954454951,-0.00892901587980006,0.333333333333333,0.75
78,0.0173051802861034,-0.0350368113754581,0.166666666666667,0.833333333333333
79,0.0251081710930957,0.00207897221205501,0.5,0.416666666666667
80,0.0382743339586303,0.00111265743883657,0.25,0.333333333333333
81,-0.012582375436069,-0.018391411128009,0.583333333333333,0.666666666666667
82,0.00718067451800894,-0.0129261904422014,0.416666666666667,0.666666666666667
83,0.0119020626879179,-0.00200469784973537,0.416666666666667,0.5
84,-0.000544672693778621,0.00290681582525812,0.416666666666667,0.333333333333333
85,0.00366269553825852,-0.0104470990013241,0.5,0.583333333333333
86,0.0252763124620568,-0.0180724958156615,0.416666666666667,0.75
87,0.0194507155828168,0.0444626381593703,0.416666666666667,0.0833333333333333
88,-0.00760543014993935,-0.0361652555361099,0.416666666666667,0.75
89,-0.0156433338128596,-0.00908439378913782,0.416666666666667,0.5
90,0.0233739641129583,-0.0178291264536029,0.5,0.666666666666667
91,0.00521961422922411,-0.00632276037323781,0.5,0.75
92,0.0076701506773261,-0.0119254428095229,0.5,0.5
93,0.00764255216345275,-0.0135000983556343,0.666666666666667,0.666666666666667
94,0.00960778137825843,-0.00756955560874758,0.333333333333333,0.666666666666667
95,-0.0153634209496904,-0.0231978173611916,0.416666666666667,0.5
96,0.0321654920808045,-0.00973542724316706,0.666666666666667,0.583333333333333
97,0.0048042274926872,-0.0176957799486117,0.5,0.416666666666667
98,0.116169912775906,0.00221607106389803,0.25,0.333333333333333
99,0.0294413028229374,-0.00771874167376156,0.333333333333333,0.5
100,0.0425070711296962,-0.0357703153693612,0.416666666666667,0.916666666666667
