"rep","beta1_hat","beta1_sd","mean_unw","mean_inf","fixed_mean","sd_delta_hat"
1,0.64068737595955,0.0508518881957784,0.7,0.630525165037047,0.656802289142774,0.398897304235012
2,0.699890683886632,0.0527178943794012,0.7,0.593554960862025,0.715664750320684,0.420318203989295
3,0.695147192365716,0.0566686812236709,0.7,0.540618950587229,0.686226675912867,0.638573495940459
4,0.744703126206949,0.0560144786370154,0.7,0.625198282129233,0.754500376889265,0.561706027406618
5,0.600544497658974,0.0492904921727722,0.7,0.634349823166355,0.618448408144747,0.311137370950325
6,0.695214569953234,0.0518621279426604,0.7,0.608931598248964,0.723173473245981,0.277364917844906
7,0.644624229754178,0.0512065295503482,0.7,0.64356798994814,0.658802023726653,0.528158188637016
8,0.639836835779,0.0542397130928105,0.7,0.584246227519278,0.651258552773517,0.499791005996664
9,0.708072834690515,0.0507014631873334,0.7,0.634267198768589,0.73074502332452,0.322857929274702
10,0.692109228648972,0.0532559224140211,0.7,0.605272433323741,0.713517583983453,0.450345897384504
11,0.62373485093553,0.0504724920743402,0.7,0.643356709794554,0.636532080605163,0.354698202476654
12,0.618697135358147,0.0546844247899291,0.7,0.646642691049903,0.627092290942827,0.480907622079824
13,0.658905881559574,0.0520276465419584,0.7,0.577917383647243,0.663098120047832,0.438101138950781
14,0.696372678260544,0.0549390522747603,0.7,0.534455410152177,0.710657669213215,0.560696077921148
15,0.730190374034942,0.0537214948433906,0.7,0.536886937050494,0.750434237134313,0.466774584746967
16,0.605840924044287,0.0530597548440677,0.7,0.54654084994582,0.616511827055962,0.528992843058926
17,0.665405960189629,0.0521465310195587,0.7,0.58285432573928,0.682541143299666,0.463858986818344
18,0.732613243465756,0.0574541505461955,0.7,0.618015775521235,0.753345646097945,0.480184473318829
19,0.764197857586743,0.0515432918545921,0.7,0.699825583449805,0.774372469046641,0.162577232347818
20,0.656808892019795,0.0537834740143223,0.7,0.539545657436223,0.662107704371582,0.623090842871325
21,0.671160900486895,0.0537753783258428,0.7,0.537865705532777,0.681893630504068,0.623846838965669
22,0.809165307480223,0.054558123957802,0.7,0.598633968028236,0.824173756340994,0.485260109301894
23,0.718243947586817,0.0536930228421394,0.7,0.626143368896715,0.733493884864237,0.451437055128245
24,0.713437571290126,0.0560547173067692,0.7,0.603361962568866,0.732351510567555,0.481101147092287
25,0.645028964274086,0.0527348202230652,0.7,0.580041519686057,0.656449391904542,0.404015504432959
26,0.861950888346611,0.0546465466148289,0.7,0.617775512630539,0.890921516846057,0.479714153848589
27,0.676764122540072,0.0521271467689321,0.7,0.618460821125295,0.697102095045355,0.43760092445545
28,0.741969812235844,0.0545193022325573,0.7,0.677745875940035,0.751322721861057,0.375037614591282
29,0.664863590275567,0.0515109536599477,0.7,0.625908538345094,0.685238123282176,0.312886418381738
30,0.772790428801966,0.0540993667148343,0.7,0.598992679354487,0.792814497184012,0.448987705771879
31,0.775159657236118,0.0570220512020604,0.7,0.555650406807924,0.758131465763839,0.561898364085821
32,0.649749570315417,0.0486229045529493,0.7,0.681644935978911,0.664084451919136,0.199840167263276
33,0.794668459910751,0.0585715783995911,0.7,0.629430138889946,0.808895869876417,0.50318569532348
34,0.611344990685648,0.053545023874344,0.7,0.601281483876789,0.629259492158002,0.483242884364219
35,0.706098006783604,0.0537747346025015,0.7,0.586470702370899,0.715686885890139,0.523374092016515
36,0.674846795245977,0.0524676733806274,0.7,0.556037861157499,0.67875560840258,0.507898499072142
37,0.590758636907391,0.0486607070550277,0.7,0.595888442086921,0.611588093111224,0.339654070427314
38,0.697212724110199,0.0536487564821053,0.7,0.633002494591838,0.715029980427273,0.399992846547768
39,0.615111288861474,0.0505359934106468,0.7,0.59506218387946,0.62175360662005,0.494190816204789
40,0.648359840046078,0.0491955759828797,0.7,0.630535646150333,0.661227463833553,0.302910440054734
41,0.685101767826344,0.0527953104004049,0.7,0.579086957419606,0.689934795399106,0.644714562594303
42,0.760368139408528,0.0532434998347279,0.7,0.565303905188039,0.779731285903455,0.475580142747189
43,0.611399910985963,0.0500071591707588,0.7,0.610867716051094,0.641321637367835,0.305590933862145
44,0.685269873170993,0.0518082250236881,0.7,0.61613170442069,0.691557228317744,0.443583844439168
45,0.796389872322116,0.0533362681674686,0.7,0.652036544037404,0.815721300343018,0.404173255780493
46,0.709700173661953,0.0546793643989754,0.7,0.67164909252279,0.712483184257938,0.38610582587303
47,0.817000904945953,0.058386689201336,0.7,0.584753286959125,0.832270491496437,0.54799415869249
48,0.747125847408918,0.0534325498529085,0.7,0.61620805319241,0.764540236354513,0.402752686015677
49,0.705639656017122,0.0530471733641481,0.7,0.603363452189505,0.727780077354808,0.368485871168871
50,0.727939329440924,0.0540401509970848,0.7,0.589290147989068,0.748593683758395,0.429367289618721
51,0.721413731605102,0.0610403163143566,0.7,0.539472007446624,0.724386636545293,0.643733581163864
52,0.787975302340805,0.0556963852559352,0.7,0.604844305758766,0.808859547874808,0.557767857504704
53,0.671339022361833,0.054918938714743,0.7,0.552670383157739,0.683771011702809,0.630747110424068
54,0.726012935307904,0.0546921697783682,0.7,0.597099635049506,0.725848511180799,0.522801726190236
55,0.681627181718002,0.05254729781921,0.7,0.617722723904495,0.683739951499537,0.469965335572435
56,0.696867716567303,0.0543938966763088,0.7,0.566567638995193,0.716704910798946,0.531482266775261
57,0.727760780684883,0.0562095399227816,0.7,0.600468086751223,0.744314401543506,0.551226474156138
58,0.651179180631645,0.0505924011201464,0.7,0.60341731455077,0.667314789754248,0.344213301506575
59,0.703077710316675,0.0491582404380211,0.7,0.667942704457254,0.718116247290025,0.114034145093279
60,0.780432928963045,0.0525311036647079,0.7,0.630900357966175,0.811829754850219,0.295376340766818
61,0.697139862220937,0.0526392422032315,0.7,0.595530338040775,0.715583897134616,0.474481118736289
62,0.687624800296529,0.0536922128857936,0.7,0.605041055049995,0.700672770426775,0.542806826574085
63,0.610854593647986,0.0510117699733805,0.7,0.629378638789929,0.633711936673375,0.390339022545303
64,0.714538474077297,0.0505552052740112,0.7,0.606445955428326,0.731542545487379,0.475139141278124
65,0.824290520705288,0.0620021112228952,0.7,0.480547046233508,0.833469540726235,0.748383892547804
66,0.672626028156041,0.0515899037022973,0.7,0.589753271839689,0.691163656121647,0.514884883948841
67,0.643634711340831,0.0545473965392522,0.7,0.507539491668702,0.655411558202133,0.646701231356279
68,0.76786027032479,0.0542916545616436,0.7,0.649943719588267,0.774078999489404,0.256318284574178
69,0.647041732588511,0.0538198344604906,0.7,0.623746931558862,0.657572755688987,0.443662770488918
70,0.608576176286007,0.057895535982804,0.7,0.557956910142386,0.596374344871415,0.539717077601033
71,0.716371715790731,0.0524921463464423,0.7,0.645803559662998,0.734696832148244,0.365770064670702
72,0.683410607508342,0.0528051986191203,0.7,0.577024083289039,0.708329205726099,0.499204668583805
73,0.597145080724037,0.0510486329395604,0.7,0.623719006501677,0.61254141452696,0.314569273856862
74,0.628991944038459,0.0530172862015333,0.7,0.570941814297596,0.632683691526678,0.502671127864837
75,0.613609780081327,0.048887356496576,0.7,0.646166747610801,0.630290388978621,0.22764538951187
76,0.752749966740529,0.056243467930671,0.7,0.595606961203957,0.761482103594929,0.509189119096945
77,0.649597053174798,0.0544856328549959,0.7,0.574264584820922,0.665952230979567,0.42769800498629
78,0.725502511958763,0.0557832016622097,0.7,0.659879871280298,0.735825610981945,0.409522899448552
79,0.701389841025262,0.0493676965905311,0.7,0.627742817868442,0.719984294049196,0.321729031739587
80,0.806703205002756,0.0562706796995379,0.7,0.633634610676602,0.816617124343224,0.476678144647631
81,0.696013448586178,0.054548326548462,0.7,0.52424235078104,0.699803786038303,0.569932209129081
82,0.773438593539828,0.0551577604179636,0.7,0.62659366509939,0.79090901218535,0.523642699470928
83,0.800022116011759,0.057276100447163,0.7,0.569463343512479,0.82510009573239,0.524899467701554
84,0.603812257928639,0.0513896447276321,0.7,0.608305348690602,0.611935367708144,0.483990836364902
85,0.816053577360444,0.0577069867291088,0.7,0.617613407216246,0.826587121297142,0.48754421492736
86,0.720068069428913,0.0538499609252004,0.7,0.560476222599578,0.725694800194988,0.564353176435391
87,0.707540327245887,0.0507146832352539,0.7,0.620887166760965,0.727630620462404,0.369627290079528
88,0.739110501386869,0.0546172966409009,0.7,0.567037919064569,0.775840656069717,0.508965303559824
89,0.718845408826667,0.0532671878253815,0.7,0.650890112913547,0.738468515523671,0.371996070383331
90,0.670802751334044,0.0506116769674189,0.7,0.592138083028114,0.692272769452538,0.452541021617609
91,0.737873942418801,0.0518356384365055,0.7,0.683748216185477,0.749782757926814,0.282986155578411
92,0.641429058746445,0.0541413069214362,0.7,0.551396468889368,0.660745161574782,0.514564583805378
93,0.702584829320431,0.0535407927606464,0.7,0.660044955304665,0.71087609746566,0.342493200954232
94,0.771214832665643,0.0578907079773612,0.7,0.597390312033548,0.766281503421691,0.494793463142494
95,0.705646306627841,0.054061269449156,0.7,0.577491638648254,0.729057903274882,0.428457432609278
96,0.683055387413127,0.0522425843633277,0.7,0.628526936926447,0.710420417514049,0.265620666054504
97,0.814252519444961,0.0543927501446071,0.7,0.616408363352375,0.834127589875405,0.344726303353738
98,0.575896175985978,0.0508238755058952,0.7,0.681294264616416,0.572434504596481,0.274213116857189
99,0.754581700960616,0.052270270840143,0.7,0.659733263713493,0.768004247692058,0.215946455282162
100,0.696169416600716,0.0544684755797479,0.7,0.643291366350066,0.707775949502174,0.342125691268491
101,0.688538244888532,0.0521980917428983,0.7,0.571101771654166,0.706615781414606,0.478164212619424
102,0.680100812661908,0.0524460088902353,0.7,0.561633438654597,0.685972807491231,0.548176878290449
103,0.758182021528355,0.0534923078184037,0.7,0.661473542589869,0.768560934139406,0.327740051962094
104,0.724981050388375,0.0540518697609259,0.7,0.604296500147329,0.74076633240293,0.506637827072464
105,0.67167034738934,0.0505216746393657,0.7,0.593071304831081,0.684914253682018,0.350226841500774
106,0.857107903287386,0.0566615006851572,0.7,0.636038810448079,0.887299494987411,0.315982910251133
107,0.74960673768059,0.0557233588393312,0.7,0.543212444480916,0.777411719443552,0.613081047138255
108,0.697862018290434,0.0555923358950152,0.7,0.582018568159807,0.677568977930366,0.622559180747446
109,0.743912477143129,0.053826382099071,0.7,0.625446878932211,0.76904206374958,0.476655497273826
110,0.753578056255112,0.056960802973676,0.7,0.60508835570438,0.749484370907936,0.489265360545666
111,0.693959852038483,0.0531585114351158,0.7,0.54450560555953,0.713205144387378,0.491004672888279
112,0.73367971803141,0.0568952247920489,0.7,0.566492529990642,0.743266603347924,0.563011825112027
113,0.720651261069907,0.0540675722956744,0.7,0.592335653813804,0.738111226055359,0.492510526129406
114,0.753569925122994,0.0565111430983364,0.7,0.572130900059564,0.753844001667138,0.65661804883204
115,0.689877211020516,0.053020799342221,0.7,0.614690745433306,0.702397689594165,0.440502365905986
116,0.667056394307412,0.0527579602937611,0.7,0.553697283037942,0.684667199579414,0.493160268984491
117,0.642828986091964,0.0583316608184958,0.7,0.521036482666207,0.650693891938883,0.688230404463574
118,0.680490575693322,0.054283348746965,0.7,0.595944423606257,0.68894887612182,0.530530092015248
119,0.706699101983644,0.0552549726217221,0.7,0.639974505651637,0.720519607063142,0.533446905307218
120,0.741436840277422,0.053435275737671,0.7,0.61114105440868,0.766431543541756,0.336384305684305
121,0.77276701300968,0.0548409520396872,0.7,0.595288366494159,0.792628859397967,0.477871841561737
122,0.778122683763617,0.0549423719305647,0.7,0.657558670743174,0.785849670810321,0.389755350103293
123,0.78224067377282,0.0529194518960845,0.7,0.647625936709381,0.790500284487931,0.442459757135858
124,0.728651112549191,0.0537508977001404,0.7,0.607059167925095,0.749796624150923,0.363574241520256
125,0.673641642455486,0.0513216414579594,0.7,0.552881625787109,0.688194383581078,0.428477664972157
126,0.617783850515878,0.0504607401885355,0.7,0.640788390816927,0.62714403612143,0.369226706266389
127,0.702894926577639,0.0563686841284617,0.7,0.564758395630148,0.713543189823233,0.631215861557012
128,0.719562335516859,0.0541397886708191,0.7,0.588079896798637,0.741060375484706,0.471273712966034
129,0.753978364411273,0.0585077058852166,0.7,0.57420601640394,0.766833275272067,0.583511526283601
130,0.702801440017061,0.0566802331949411,0.7,0.578688445827378,0.713892303759122,0.574307661137473
131,0.677697624034007,0.0535436786727315,0.7,0.659740510588627,0.688960570575621,0.391290263734981
132,0.725524396036766,0.0541551109026433,0.7,0.656809989273783,0.741041051366105,0.390969597062551
133,0.711795904957052,0.0536955593801817,0.7,0.625737614997621,0.722097739856901,0.400162537444049
134,0.718177240748075,0.0518789390328207,0.7,0.653727512306404,0.744866410247039,0.207518899643054
135,0.767703649509148,0.0554542606493173,0.7,0.638973191730783,0.781613790175915,0.422475011065452
136,0.775991989552046,0.0566271061199757,0.7,0.632969252878848,0.796841176052241,0.515348885092722
137,0.674246299420507,0.0511795342553812,0.7,0.63077351356393,0.694698293958775,0.313030134017078
138,0.64740251270658,0.0500607170522813,0.7,0.639767131573103,0.652583950674262,0.355298197119086
139,0.572014290311374,0.0535623924656238,0.7,0.562355812053595,0.58567504810906,0.587384958977014
140,0.716412936177431,0.0527000867155936,0.7,0.662816943912494,0.744462926817543,0.322301616452282
141,0.830287971317054,0.0570672553555121,0.7,0.567171803515159,0.834271846903324,0.546045241000659
142,0.688441393384529,0.0515410763730171,0.7,0.675253809515936,0.698049044198635,0.23731052821477
143,0.764082199913365,0.0544251697016501,0.7,0.636878436220615,0.775346797991806,0.379398723864877
144,0.721300747843798,0.0541489527714466,0.7,0.645354620907157,0.738148575037275,0.302995609174717
145,0.628092563655966,0.0543587247369527,0.7,0.599768845053317,0.633814137691977,0.529266332465444
146,0.652991823288406,0.0571091698029818,0.7,0.690102794386244,0.619773762992866,0.280236480387979
147,0.718569514528172,0.0539318932736766,0.7,0.609776089879318,0.719483318394751,0.447251997516478
148,0.689788818051687,0.0527190182559299,0.7,0.594543713171637,0.702640739314792,0.413072867237301
149,0.654007222655749,0.0530844229029286,0.7,0.609800830070281,0.665813465626679,0.437627430720802
150,0.683798445476662,0.053004470366709,0.7,0.60087806702108,0.709721004263193,0.434057724297695
151,0.726619498201573,0.0556185512085382,0.7,0.63371155950932,0.721552660301243,0.461431234322804
152,0.647893509745539,0.0501662546520603,0.7,0.615246499246178,0.667919685624269,0.342254389146261
153,0.630265204292041,0.0540916629466593,0.7,0.579632463328077,0.642107013032814,0.457273546687637
154,0.758306210960826,0.0529065762611385,0.7,0.625433847875192,0.775433953092651,0.431750997414274
155,0.732400304333963,0.0533535037970277,0.7,0.592027439635456,0.749210474742239,0.595356984865263
156,0.719676191318502,0.0578241727811186,0.7,0.536079414729486,0.73553472267161,0.598479031571884
157,0.638603302464693,0.053752669596278,0.7,0.586299476476734,0.652462002224258,0.545079382455978
158,0.629571987296659,0.0520416891748952,0.7,0.57558567489135,0.633988361255231,0.438374005070121
159,0.680503015951273,0.0526499867963885,0.7,0.622692665954786,0.690702636119986,0.533390972567026
160,0.619178752153053,0.0515788218159298,0.7,0.524117433366572,0.64176498389626,0.51588206382992
161,0.749935647361656,0.0545315435437558,0.7,0.538832440989381,0.758648179371812,0.475400073569551
162,0.724946955853628,0.0515673534224831,0.7,0.635333611002688,0.752435399128986,0.374312548015602
163,0.746965997382806,0.0529619673949058,0.7,0.574791390025084,0.771704300035969,0.469573740658457
164,0.794451230163912,0.0536216224708116,0.7,0.633817910540099,0.78986371427044,0.372388351179159
165,0.632790587995854,0.0504674509079353,0.7,0.592688613683512,0.651528178931307,0.396282294632978
166,0.717953474341222,0.0568813562017335,0.7,0.560600760891276,0.703866493070612,0.620086302821721
167,0.80490494007178,0.0570467837550539,0.7,0.644574903943063,0.830116209212571,0.448682980239264
168,0.591850809012746,0.053742182282257,0.7,0.567721285033757,0.600424920161295,0.618479306592968
169,0.765453406407102,0.0520080404403957,0.7,0.659679952187327,0.778988032480584,0.380039160415503
170,0.634304253987838,0.0487281772991081,0.7,0.654576008900039,0.659539357688483,0.194604686343474
171,0.637260247048242,0.0514731260910701,0.7,0.616346664988853,0.6454919896049,0.519126670728973
172,0.755234193520547,0.0523511167866726,0.7,0.616444873474706,0.776315610576906,0.410938659293964
173,0.669749012288455,0.0524880909264581,0.7,0.609553250665607,0.683381894977162,0.378352227577996
174,0.680311159687673,0.0521814403155689,0.7,0.591275158821641,0.698530407648583,0.416516437311158
175,0.687473927347602,0.0519171637451162,0.7,0.622375903711604,0.691501345183129,0.348832040952021
176,0.677701773177907,0.0514554406144922,0.7,0.637227381493885,0.689995591212322,0.37613949328219
177,0.734610150406301,0.0545792584678633,0.7,0.584484667136364,0.746880049508283,0.443788396693947
178,0.749633492955449,0.0546760723004055,0.7,0.59058863159276,0.763368289149753,0.521770690490842
179,0.7644505311582,0.0530978539314231,0.7,0.66280167178566,0.775489978597466,0.27985984489731
180,0.712535853312494,0.0538683134764676,0.7,0.620524358212335,0.736908357997567,0.40507730483558
181,0.602747431424162,0.0548170720015505,0.7,0.675958142689259,0.60267981932239,0.43337317394857
182,0.679621209319449,0.052467980820619,0.7,0.60377164176068,0.674103294626269,0.401148040492776
183,0.669943370765019,0.0492748296341508,0.7,0.647896889742628,0.685385573488789,0.285039406684629
184,0.650625070826861,0.052854053653721,0.7,0.607009779799354,0.658601378307847,0.379528433064742
185,0.658568460436906,0.0523746138511805,0.7,0.650838334668857,0.666488508969204,0.217194285856273
186,0.686909589475977,0.0514933306785944,0.7,0.634459972795591,0.703213043562348,0.399929132833729
187,0.704697616776004,0.0561456286200666,0.7,0.583576985417459,0.714853368579346,0.592251659629682
188,0.727755965894426,0.054938338497808,0.7,0.653862299316979,0.740551890358477,0.43717097376133
189,0.614460483459198,0.0545864800884452,0.7,0.530616327890819,0.626886930791497,0.695759273389775
190,0.720938299314742,0.0540434750071767,0.7,0.579603827223486,0.731677082529862,0.560565677562059
191,0.747497311646949,0.0523157773499492,0.7,0.637885031590471,0.770626339080919,0.246036326113914
192,0.726912353179587,0.0522014996781624,0.7,0.640019641420679,0.738232885302742,0.348563120719719
193,0.720409838346218,0.050312005146165,0.7,0.630200899164384,0.73852100260657,0.320058782647336
194,0.654765205083905,0.0531451012368278,0.7,0.618313277836513,0.673529512274234,0.420583985571683
195,0.682975539676032,0.0509477024198762,0.7,0.606365786922702,0.700102601254105,0.434519460037554
196,0.722007615687675,0.0587279012016215,0.7,0.487767184273074,0.726327762948104,0.736577304953616
197,0.562216016774699,0.0513325665999697,0.7,0.553820761363238,0.580041862112653,0.387255711746343
198,0.725440785133248,0.0554089611181749,0.7,0.51467400250326,0.74523752036194,0.635376735958529
199,0.724719086909098,0.0553933020758957,0.7,0.592845270987766,0.736866767214382,0.483844310774762
200,0.764340462063276,0.053658030630837,0.7,0.635697952226659,0.788175364255664,0.284464881293626
