"x","y","mean","sd","snr"
279.999999999999,4868.4,0.0163924742051567,0.249000960525073,0.0658329757868788
279.999999999999,4868.5,-0.0112259415458233,0.236612954985629,0.0474443233528995
279.999999999999,4868.7,-0.0775189776471555,0.234712630428253,0.330271862684661
280.000981540754,4868.87541302063,-0.134806722970699,0.267773142641351,0.503436310456483
279.999999999999,4869,-0.166146594241684,0.264779622860246,0.627490108365999
279.999999999999,4869.1,-0.181791805251776,0.246183140274897,0.738441328877277
279.999999999998,4869.3,-0.21308222727127,0.240884084002588,0.884584085966348
279.999999999999,4869.4,-0.228727438281191,0.254845552093942,0.897513950711907
279.999999999999,4869.6,-0.259928555711005,0.243913820696203,1.06565734967002
279.999999999999,4869.7,-0.271453069892592,0.232324149716682,1.16842381742762
279.999999999999,4869.9,-0.293283967240226,0.235395277613225,1.24592120204772
279.999999999999,4870,-0.301828419445363,0.230230236955411,1.31098514007879
279.999999999999,4870.2,-0.308593394233142,0.242695884342921,1.2715229805756
279.999999999999,4870.3,-0.308037112823972,0.262477056557154,1.17357729039032
279.999999999998,4870.5,-0.322043802204826,0.279728548990709,1.15127255822402
279.499999999999,4870.5,-0.221085645403546,0.252971024963684,0.873956396529144
279.499999999999,4870.3,-0.196395954237969,0.233816625354018,0.8399571841421
279.499999999999,4870.2,-0.170540923114876,0.239858872876239,0.711005271849462
279.499999999999,4870,-0.135586676219718,0.237562136993282,0.570741945394912
279.499999999998,4869.9,-0.106742570768235,0.231556417079849,0.460978676878674
279.499999999999,4869.7,-0.0631381923289336,0.235382867755822,0.268236141954184
279.499999999998,4869.6,-0.0495571903477312,0.244901439273409,0.202355651705278
279.499999999999,4869.4,-0.0123249949277298,0.243239791471174,0.0506701426324416
279.499999999999,4869.3,0.0102342153382567,0.24298075805317,0.0421194477301662
279.499999999999,4869.1,0.0441178436613837,0.251244172939976,0.175597480113195
279.499999999999,4869,0.0458603093126046,0.238870295532394,0.191988330781737
279.499999999999,4868.8,0.045337453101765,0.241663437483416,0.187605761028192
279.499999999998,4868.7,0.0403347834034804,0.252148844893678,0.159964180761915
279.499999999999,4868.5,0.00757056205725354,0.258826508464472,0.0292495621958008
279.499999999999,4868.4,0.00277537560832409,0.237802709412164,0.0116709166820878
279.499999999999,4868.2,-0.00605827829684289,0.231484683429413,0.0261714002286905
279.499999999999,4868.1,0.00352764773425816,0.226048757087919,0.0156056940091298
279.499999999999,4867.9,0.0386628927689376,0.233936216987118,0.16527108656744
279.499999999999,4867.8,0.0610890760647219,0.236791262814089,0.257987036087073
279.499999999999,4867.6,0.119875974787825,0.222000633018698,0.539980328694505
279.499999999999,4867.3,0.211852551623029,0.267288704882843,0.792598219651248
279.499999999998,4867.2,0.212443584974841,0.252093463939099,0.84271754473636
279.499999999998,4867,0.175230927994915,0.224453268373526,0.780701164499429
279.499999999998,4866.9,0.156624599504777,0.232354405012783,0.67407630811286
279.5,4866.7,0.212754578719924,0.24350564629949,0.873715176436834
279.499999999999,4866.6,0.231478866021511,0.249646055373729,0.927228213860538
279.999999999999,4866.4,0.438018239423802,0.266829099186135,1.64156848244744
279.999999999999,4866.6,0.410928973082634,0.243950535259419,1.6844766200068
279.999999999999,4866.7,0.380388817179693,0.238613346402898,1.59416404368852
279.999999999998,4866.9,0.280203535025472,0.25117612440296,1.11556596269454
279.999999999999,4867,0.249175591650153,0.245039419859954,1.01687961795112
279.999999999999,4867.2,0.19777125158296,0.239556484306583,0.825572524807359
279.999999999999,4867.3,0.166037319842377,0.234523852771163,0.707976258621284
279.999999999999,4867.5,0.112800424349839,0.239986978514247,0.470027270013496
279.999999999999,4867.6,0.108556114797763,0.222821062925399,0.487189646133715
279.999999999998,4867.8,0.0908155465840463,0.219720579634109,0.413322897360263
279.999999999999,4867.9,0.0669873477950034,0.221138409998677,0.30292045509147
279.999999999999,4868.1,0.0384545348627964,0.21574709527007,0.178238945996744
280,4868.2,0.0284158043634042,0.221750400229022,0.12814319313091
278.999999999999,4868.4,-0.0144954383393142,0.237588984809412,0.061010565582163
278.999999999999,4868.5,0.0153422640484438,0.23294624064557,0.065861822907832
278.999999999999,4868.7,0.10137396071454,0.239155891958271,0.423882346717295
278.999999999999,4868.8,0.159784841627159,0.241283820185703,0.662227751136321
278.999999999999,4869,0.267232419223861,0.222602142060439,1.20049347571554
278.999999999998,4869.1,0.301263204154933,0.221065743825857,1.36277651589588
278.999999999999,4869.3,0.391478591928312,0.224666558532781,1.74248715289415
278.999999999998,4869.4,0.405624494433802,0.22531499116706,1.80025524414863
278.999999999998,4869.6,0.326687374030798,0.220954262169645,1.47852940614458
278.999999999999,4869.7,0.264499349086814,0.226153252302231,1.16955801605425
278.999999999999,4869.9,0.10967735244066,0.213999350148533,0.512512549054635
278.999999999998,4870,0.0322663541185023,0.227494421323007,0.14183360598847
278.999999999999,4870.2,-0.112973596384062,0.255706987701965,0.441808796073014
278.999999999999,4870.3,-0.141965097680423,0.236828967008188,0.599441442800848
278.999999999998,4870.5,-0.196498370412796,0.239592259845823,0.820136554241121
278.999999999999,4870.6,-0.223765006779403,0.263103645163759,0.850482351318733
279.499999999999,4870.6,-0.214325265482973,0.260331126036098,0.823279447011859
279.499999999999,4870.8,-0.195995464179431,0.263434607300034,0.744000441658772
278.999999999999,4870.8,-0.192942348552866,0.265182831390937,0.727582353430816
279.499999999999,4870.9,-0.18683056352747,0.283273239627979,0.659541874738446
278.499999999999,4870.9,-0.00276883100042229,0.284674848978076,0.00972629303347952
278.499999999999,4870.8,0.000747860533675691,0.276806160361532,0.00270174815726255
278.5,4870.6,0.00578566655776878,0.251637774893607,0.0229920430675203
278.499999999999,4870.5,0.0057602964275897,0.242273391953467,0.0237760175855221
278.499999999998,4870.3,-0.000933370802378184,0.253258057234335,0.00368545353530274
278.499999999999,4870.2,0.0402267065116547,0.244668438057387,0.164413141437636
278.499999999999,4870,0.19724127969383,0.24074882335741,0.819282424491894
278.499999999999,4869.9,0.284703007297067,0.242142834689505,1.17576474093126
278.499999999998,4869.7,0.415906025632485,0.221876303528835,1.87449501824981
278.499999999998,4869.6,0.469957676318782,0.228619440478308,2.05563304387219
278.499999999999,4869.4,0.473109655188246,0.22099483304287,2.14081772263187
278.499999999999,4869.3,0.462183167712645,0.217763875192437,2.12240513861271
278.499999999999,4869.1,0.410041096075154,0.223443111037737,1.83510287773384
278.499999999999,4869,0.346728823824592,0.21970683773023,1.57814307195267
278.499999999999,4868.8,0.21945829514393,0.244079209211315,0.899127360552577
278.499999999999,4868.7,0.157906842742369,0.2501138266615,0.631339917709058
278.499999999999,4868.5,0.0456771734485695,0.239585848875006,0.190650548281755
278.499999999998,4868.4,-0.0106326186847505,0.254970827252602,0.0417013146143842
278.999999999999,4868.2,-0.0584088657589524,0.225341060989048,0.259202053556459
278.999999999999,4868.1,-0.0764129704028158,0.222441352794238,0.343519626377651
278.999999999999,4867.9,-0.0944036097530491,0.235140659577704,0.401477183582759
278.999999999998,4867.8,-0.0829133683491618,0.237798111511943,0.348671264973429
278.999999999999,4867.6,-0.0545614970492543,0.237271782603469,0.229953585085328
278.999999999999,4867.5,-0.0506965437158896,0.238830457804569,0.21227001020688
278.999999999999,4867.3,-0.0610485655763665,0.239680641799485,0.2547079527075
278.999999999999,4867.2,-0.0721531845513496,0.248498026494489,0.290357173331314
278.999999999998,4867,-0.111821913375075,0.240269834244326,0.465401383934719
278.999999999998,4866.9,-0.106777696224489,0.240766003013998,0.443491584724614
278.999999999999,4866.7,-0.131712489719069,0.255033226488884,0.516452273816996
278.999999999999,4866.6,-0.143322078458885,0.266710477998451,0.537369508443972
278.999999999998,4866.4,-0.140937403396328,0.278137698918899,0.506718089436065
278.999999999998,4866.3,-0.131949556700732,0.288430200409763,0.45747482931148
278.499999999999,4866.6,-0.205550020513345,0.266261169090009,0.771986471838333
278.499999999998,4866.7,-0.207542946313451,0.269558269417882,0.769937226417298
278.499999999999,4866.9,-0.199213093105969,0.265505104038923,0.750317376485403
278.5,4867,-0.172843308027434,0.249131941909926,0.693782205133398
278.499999999998,4867.2,-0.0902112768106079,0.238822905662497,0.377732933783553
278.499999999999,4867.3,-0.106536288726387,0.227204528863857,0.468900374737796
278.499999999999,4867.5,-0.147949260875112,0.227931067792669,0.649096511098214
278.499999999998,4867.6,-0.150113504734479,0.226429857867653,0.662958084009483
278.499999999999,4867.8,-0.188343166853407,0.230736931902012,0.816267969331372
278.499999999999,4867.9,-0.213427469480614,0.25251488629073,0.845207475154106
278.499999999998,4868.1,-0.144688982926358,0.230841979085874,0.626788002335281
278.499999999998,4868.2,-0.101871395844939,0.232286238875021,0.438559754285527
277.999999999999,4868.4,0.0317349464944214,0.235702358313735,0.134639919267079
277.999999999999,4868.5,0.0668697967754032,0.231599029929564,0.28873090183383
277.999999999999,4868.7,0.127657895689024,0.226092097866334,0.56462785251564
277.999999999999,4868.8,0.152212015646305,0.221955616070173,0.685776815839531
277.999999999998,4869,0.226128554905448,0.238111295328232,0.949675884101738
277.999999999999,4869.1,0.29656746462168,0.246644017538952,1.20241093856997
277.999999999998,4869.3,0.338090531430391,0.22419928221882,1.50799114111531
277.999999999998,4869.4,0.354906090052748,0.230772138129524,1.53790701481282
277.999999999999,4869.6,0.348144708230108,0.238287900433799,1.46102553925867
277.999999999999,4869.7,0.296586834132152,0.222301934950938,1.33416217990909
277.999999999999,4869.9,0.193354980412573,0.227069557798502,0.85152312924374
277.999999999998,4870,0.176179240538398,0.231299823938403,0.761692065037265
277.999999999998,4870.2,0.181984827689586,0.240809984004757,0.755719612048939
277.999999999998,4870.3,0.202634970045881,0.230048827906443,0.880834611895042
277.999999999999,4870.5,0.239783840361371,0.246291476535402,0.973577501480869
277.999999999999,4870.6,0.244457665238146,0.266629957292215,0.916842457317092
277.999999999999,4870.8,0.157446418976404,0.260085576751201,0.605363899617616
277.999999999998,4870.9,0.112652667288342,0.2726899160146,0.413116366511736
277.999999999999,4868.2,-0.0251227372127021,0.2528899295258,0.0993425766688706
277.999999999998,4868.1,-0.0388017437785954,0.255767075115942,0.151707344508695
277.999999999999,4867.9,-0.0385238633967312,0.234245085593088,0.164459644048421
277.999999999999,4867.8,-0.0399856614624912,0.227173555161747,0.176013715302477
277.999999999999,4867.6,-0.0441357313293815,0.245533218300278,0.179754623976806
277.999999999999,4867.5,-0.0531519860277711,0.261517668146573,0.203244340638511
277.999999999999,4867.3,0.0165891251373844,0.240744174218491,0.0689076908765763
277.999999999999,4867.2,0.0549201650217121,0.250179354948106,0.219523169819924
277.999999999998,4867,0.0553239947052736,0.242705940321788,0.227946603333743
278,4866.9,0.0551202384251109,0.236637623510897,0.232931000604697
277.999999999998,4866.7,0.0547127258681204,0.257302478996477,0.212639715254626
277.999999999999,4866.6,0.0545089695887203,0.281639086671582,0.193541920025763
277.999999999999,4866.4,-0.0132350014992849,0.291979119472671,0.0453285889867331
277.999999999999,4866.3,-0.0645771481068619,0.304455519785751,0.212107003848396
277.499999999999,4868.2,-0.0434426669321809,0.24915331182183,0.17436118594822
277.499999999998,4868.4,-0.00565853506656941,0.230206334438887,0.0245802752576801
277.499999999999,4868.5,0.0124895234408475,0.220352105494745,0.0566798461616939
277.499999999999,4868.7,0.0487856404562897,0.236506095010551,0.206276461729721
277.499999999998,4868.8,0.0671400537489758,0.259334823159415,0.25889332150239
277.499999999999,4869,0.0784899204511117,0.230180439776655,0.340993007604255
277.499999999999,4869.1,0.0808850374403139,0.227360594832135,0.355756623086042
277.499999999998,4869.3,0.0913080959908915,0.255602249101069,0.357227279149593
277.499999999999,4869.4,0.108676993158245,0.243650872347482,0.446035723620374
277.499999999999,4869.6,0.170930159303593,0.234674060253905,0.728372616550187
277.499999999999,4869.7,0.172899374908199,0.228151196841804,0.757828042550588
277.499999999998,4869.9,0.175911470427448,0.226307828210076,0.777310585403852
277.499999999998,4870,0.192182426095396,0.229107161996033,0.838832031356241
277.499999999998,4870.2,0.245539032058688,0.226778253238017,1.08272741567059
277.499999999999,4870.3,0.278384702303887,0.235744235309021,1.18087596898805
277.499999999999,4870.5,0.302755083601826,0.253283302998984,1.19532191825152
277.499999999999,4870.6,0.276396530545926,0.250516191451192,1.10330804945107
277.499999999999,4870.7,0.249842133526778,0.264003974796898,0.946357469500168
277.499999999999,4870.9,0.179480047563704,0.275166401874506,0.652260037348453
277.499999999999,4868.1,-0.0434868359159145,0.240145294368333,0.181085521705934
277.499999999998,4867.9,-0.014544177383496,0.229627240771757,0.0633382055831627
277.499999999999,4867.8,0.0103063711725081,0.235598364700016,0.0437455123495067
277.499999999999,4867.6,0.0589376866514725,0.225558939859022,0.26129616803621
277.499999999998,4867.5,0.083182746880384,0.23621292919805,0.352151540403787
277.499999999999,4867.3,0.136735690406971,0.263016527587295,0.519874897829713
277.499999999999,4867.2,0.153730942415582,0.246494708151746,0.623668327682488
277.499999999999,4867,0.195109009456664,0.238270732500207,0.818854281469482
277.499999999999,4866.9,0.217472109898889,0.2507069309034,0.867435571546619
277.499999999999,4866.7,0.272378559580891,0.265888335422262,1.02440958588244
277.499999999999,4866.6,0.256979161015099,0.263635555770971,0.9747515287291
276.999999999999,4866.3,0.452130489068084,0.305430094246129,1.48030759766501
276.999999999998,4866.4,0.48240534501532,0.301333323991571,1.60090274326518
276.999999999999,4866.6,0.439537370777973,0.269858666899516,1.62876877673763
276.999999999998,4866.7,0.396513462714461,0.262242130863316,1.51201281582451
276.999999999999,4866.9,0.309549953881637,0.249036503938745,1.24299028048425
276.999999999998,4867,0.265915255666354,0.256047188562441,1.03854003302796
276.999999999999,4867.2,0.196407369735212,0.262066889661003,0.749455110446327
276.999999999999,4867.3,0.18038353090242,0.245518320420405,0.734704972702429
276.999999999998,4867.5,0.148069196622649,0.25572498499394,0.579017324514293
276.999999999999,4867.6,0.13303559169713,0.236014491013445,0.563675523167565
276.999999999999,4867.8,0.104025849948224,0.235989461712557,0.440807183478944
276.999999999999,4867.9,0.0922063574538617,0.237731430458942,0.387859347314139
276.999999999999,4868.1,0.0617498909220692,0.24391260721601,0.253163998478288
276.999999999999,4868.2,0.0528825885011137,0.244937165983084,0.215902671564208
276.999999999999,4868.4,0.0811768667052495,0.239635259451743,0.338751763371436
276.999999999999,4868.7,0.11062744373872,0.259883298631648,0.425681235851637
276.999999999999,4868.8,0.109130197122406,0.243241688932256,0.448649232791668
276.999999999999,4869,0.113741412772743,0.233955023384404,0.486167858793347
276.999999999999,4869.1,0.113526350123226,0.244594105489925,0.464141807080066
276.999999999999,4869.3,0.0660670228147992,0.232863951644184,0.283715114977304
276.999999999999,4869.4,0.0423373591611087,0.248299556365817,0.170509201791458
276.999999999999,4869.6,0.00753597664246651,0.230710151591785,0.032664261153972
276.999999999998,4869.7,-0.00564463722994276,0.232799852098517,0.0242467389006503
276.999999999999,4869.9,0.0374057649859441,0.230716918690268,0.162128400458401
276.999999999999,4870,0.0588132599761091,0.227248932759405,0.25880543975261
276.999999999998,4870.2,0.101587064780041,0.250694563166676,0.405222448771258
276.999999999999,4870.3,0.114479238731222,0.243451518589187,0.470234235525144
277,4870.5,0.136316068063736,0.241087985925179,0.565420410895306
276.999999999999,4870.6,0.145964612490983,0.248225270239953,0.5880328475416
276.999999999998,4870.8,0.147615964732754,0.279494683152125,0.528153033424282
276.999999999999,4870.9,0.125069372107763,0.288930617729811,0.432869915588937
276.499999999999,4869.1,0.166455919955496,0.24353599497531,0.68349617054502
276.499999999998,4869,0.23283126234366,0.240812488341858,0.966857092615282
276.499999999999,4868.8,0.296072979277562,0.229435346437213,1.29044187774522
276.499999999999,4868.7,0.309788741727355,0.234821290719409,1.31925321072153
276.499999999999,4868.5,0.312069939534839,0.238846065836356,1.30657349721076
276.499999999998,4868.4,0.293166899095409,0.223262741614975,1.31310265642526
276.499999999999,4868.2,0.253047113208309,0.223678139983476,1.13130014952289
276.499999999999,4868.1,0.22966918315178,0.223802434570796,1.02621396229328
276.499999999998,4867.9,0.200609468266335,0.25225733892933,0.795257212804167
276.499999999999,4867.8,0.205507757414563,0.238757283129786,0.860739219012019
276.499999999999,4867.6,0.212337747812478,0.236011568099549,0.899692119002042
276.499999999998,4867.5,0.219280754051064,0.23945301005953,0.915756932838511
276.499999999999,4867.3,0.236877978195829,0.258828322903238,0.915193420638067
276.499999999998,4867.2,0.249588779792985,0.250228889480653,0.997441903334997
276.499999999999,4867,0.275010382986627,0.276069431256551,0.996163833622926
276.499999999999,4866.9,0.284474733535645,0.289703291102628,0.981952025649822
276.499999999999,4866.7,0.326182925916844,0.273974430758842,1.19055973586074
276.5,4866.6,0.347037022107367,0.285962619303518,1.2135747775447
276.499999999998,4869.3,0.0312928139620642,0.244146700148054,0.128172176576983
276.499999999999,4869.4,-0.0229569786002192,0.249860207481571,0.0918792905505469
276.499999999999,4869.6,-0.0593182011920992,0.230162072254881,0.25772361454241
276.499999999999,4869.7,-0.0677197899346857,0.231705878892875,0.292266170622261
276.499999999999,4869.9,-0.0655271624948383,0.230753397214351,0.283970521283242
276.499999999999,4870,-0.0684631686472125,0.243450649616369,0.28121990536931
276.499999999999,4870.2,-0.0201826107827981,0.230168809985177,0.0876861238675122
276.499999999999,4870.3,0.017462278277339,0.230838091326395,0.0756472997025785
276.499999999999,4870.5,0.04024314652319,0.235872913384358,0.170613683215136
276.499999999999,4870.6,0.0387054689201812,0.250922100718388,0.154252928735125
276.499999999998,4870.8,0.0296820502775519,0.278770310878308,0.106474933374483
276.5,4870.9,0.0179585968156369,0.2795277326603,0.06424620786182
276.499999999998,4871.1,-0.00548831010931586,0.325298735036706,0.0168715999116829
276.499999999998,4871.2,-0.00413403780310487,0.323165518286477,0.0127923233426165
275.999999999998,4866.9,0.171895798217405,0.316537538416777,0.543050277945468
275.999999999999,4867,0.193556420059834,0.30793591318549,0.628560722448902
275.999999999999,4867.2,0.224975221201615,0.290242489302214,0.7751284856414
275.999999999999,4867.3,0.240684621772564,0.29725085473087,0.809702034298537
275.999999999999,4867.5,0.271204175614977,0.27797814097532,0.975631302027648
275.999999999999,4867.6,0.28637313457128,0.279745278806791,1.02369246692119
275.999999999999,4867.8,0.325459438693204,0.274688339989159,1.18483164850044
275.999999999999,4867.9,0.343505581214224,0.255882076975742,1.34243705254428
275.999999999999,4868.1,0.379597866255747,0.248105905786674,1.52998319428209
275.999999999998,4868.2,0.396807041539716,0.253388225712948,1.56600426252339
276,4868.4,0.422658335194304,0.253759908760247,1.66558357172816
275.999999999999,4868.5,0.429595521503936,0.247172918942955,1.73803636474869
275.999999999999,4868.7,0.424393864449195,0.260946757294797,1.62636190174897
275.999999999999,4868.8,0.402676958495177,0.265460021892696,1.5169024534246
275.999999999999,4869,0.311017207765723,0.258304036295284,1.20407412995351
275.999999999998,4869.1,0.245778949015214,0.258222323658875,0.951811390791684
275.999999999999,4869.3,0.140155950556058,0.253570465986315,0.552729790557004
275.999999999998,4869.4,0.0946242914339794,0.258070365853083,0.366660817956325
275.999999999998,4869.6,0.0588655116275377,0.268940302036872,0.218879473183112
275.999999999998,4869.7,0.0522633621726614,0.252896681706654,0.20665894791488
275.999999999999,4869.9,0.0267779082843952,0.2462245261214,0.10875402506082
275.999999999998,4870,0.00119023131883326,0.254698709913613,0.00467309520035242
275.999999999999,4870.2,0.0305582420304897,0.257553890548072,0.118647953503875
275.999999999999,4870.3,0.0464382922448781,0.26457854050875,0.175517984775271
275.999999999999,4870.5,0.0596163388926974,0.278463830185694,0.214090062802563
275.999999999998,4870.6,0.066358718150698,0.270177248951009,0.245611791549224
275.999999999999,4870.8,0.076864102472313,0.282968975094587,0.271634381283743
275.999999999999,4870.9,0.0799824636863498,0.301220405005341,0.265528039791765
275.999999999999,4871.1,0.06347077161866,0.310360585383456,0.204506546925863
280.499999999999,4868.5,0.0140168361589438,0.227607332870598,0.0615834120200021
280.499999999998,4868.7,-0.0759080336201604,0.256343023571904,0.296118975903662
280.499999999999,4868.8,-0.119976956992263,0.262808295786541,0.456518910992485
280.499999999999,4869,-0.204050023486739,0.23225819086507,0.878548234302238
280.499999999999,4869.1,-0.246086556733891,0.23382793376989,1.05242582768603
280.499999999999,4869.3,-0.330159623228284,0.269678284758397,1.22427218611269
280.499999999999,4869.4,-0.344502677548201,0.254052626417089,1.35602879768153
280.499999999999,4869.6,-0.355237242074714,0.225861263161884,1.57281172123836
280.499999999999,4869.7,-0.360604524338052,0.230985669950094,1.5611553929556
280.499999999999,4869.9,-0.381917992757129,0.240091081693693,1.59072127986985
280.999999999999,4869.9,-0.32710662483215,0.259400766611439,1.26100870519835
280.999999999999,4869.7,-0.274071341425395,0.241041060212019,1.1370317620754
280.999999999998,4869.6,-0.241111501766707,0.246604045304691,0.977727277218029
280.999999999999,4869.4,-0.177760533031244,0.253005186914626,0.702596398117434
280.999999999999,4869.3,-0.141248383847978,0.23869666379273,0.591748462687481
280.999999999999,4869.1,-0.0738897835721656,0.243032784522701,0.304032164702717
280.999999999998,4869,-0.0444118699755571,0.254286348209456,0.174652985849539
280.999999999999,4868.8,0.0507266712104319,0.240992151414992,0.210490967911564
280.999999999999,4868.7,0.0920853712185034,0.244720106973213,0.376288537780768
280.999999999999,4868.5,0.134931171754997,0.255447877117245,0.528214104880061
281.499999999998,4869,0.279057867422375,0.254675456798274,1.09573914554088
281.499999999999,4869.1,0.262253076708285,0.257142813519892,1.01987324910404
281.499999999999,4869.3,0.170563612146012,0.257706324098356,0.661852644644121
281.5,4869.4,0.108942136920946,0.251772247229382,0.432701134139268
281.499999999999,4869.6,-0.0243173875195564,0.252029406531759,0.0964863102849551
281.5,4869.9,-0.193387348718128,0.284697005804859,0.679274262725062
281.5,4870,-0.237527174539697,0.272430133894897,0.871882897621506
281.499999999999,4870.2,-0.33824289420521,0.274234545415073,1.23340731450612
281.999999999999,4870.5,-0.429929788142652,0.292506655339331,1.46981198647907
282,4870.3,-0.39413703864114,0.274796770418007,1.43428555598233
281.999999999998,4870.2,-0.367009579438858,0.274918980284623,1.33497359498021
281.999999999999,4870,-0.249816689497813,0.252896246236175,0.987822845201562
281.999999999999,4869.9,-0.167151785206099,0.239328090199087,0.698421088251915
281.999999999999,4869.7,-0.00182197662175168,0.248861908953593,0.00732123541691321
281.999999999999,4869.6,0.0808429276685565,0.270675342983821,0.298671193236056
281.999999999998,4869.4,0.248012723256461,0.264627221296728,0.937215461210482
281.999999999999,4869.3,0.33334826109969,0.259688198731914,1.28364809308804
282.499999999999,4869,0.585132883756023,0.306894718420092,1.9066241568715
282.499999999999,4869.1,0.52382014074925,0.298260905440059,1.75624807406923
282.499999999999,4869.4,0.323563650791546,0.30705213647421,1.05377430200269
282.499999999998,4869.6,0.183298257994569,0.279990212327804,0.654659519954823
282.499999999998,4869.7,0.113572404688985,0.282542270372503,0.401966065251943
282.499999999999,4869.9,-0.00247153366132041,0.267969141452905,0.00922320252220076
282.499999999998,4870,-0.0590061540787977,0.275935451986516,0.213840424106436
282.499999999998,4870.2,-0.171821695428866,0.271908178664495,0.631910729102692
282.5,4870.3,-0.221153021556256,0.281635353205459,0.785245953816458
282.999999999999,4870.2,0.0260405745666877,0.316455122771458,0.0822883647407221
283.000550794671,4870.01176441537,0.14804568594585,0.323795532428798,0.457219668336236
282.999999999999,4869.9,0.224789733259582,0.32218926406861,0.697694673065557
282.999999999999,4869.7,0.370583851511371,0.314076889647924,1.17991442135966
282.999999999999,4869.6,0.441654352548004,0.325652158058819,1.35621503379761
282.999999999998,4869.4,0.563400692678276,0.342726322992955,1.64387925548939
282.999999999998,4869.3,0.598184220109529,0.336351650440505,1.77844889218208
282.999999999999,4869,0.644091396801963,0.327362577018244,1.96751688194973
282.999999999999,4868.8,0.628495852501739,0.331282023910932,1.89716255980951
280.499999999999,4868.2,0.123799574947242,0.248990422160628,0.49720617312491
280.499999999999,4868.1,0.117050373402437,0.231636809013828,0.505318536811001
280.499999999998,4867.9,0.09767069492731,0.220690155846096,0.442569332342234
280.499999999998,4867.8,0.0879808556898729,0.232434422462673,0.378519045319124
280.499999999999,4867.6,0.0701061667868889,0.274352957699487,0.255532753773626
280.499999999998,4867.5,0.0682018130255733,0.250065401018742,0.272735903278605
280.499999999999,4867.3,0.064393105502638,0.2469972847726,0.260703697864218
280.499999999999,4867.2,0.0715493581922233,0.252368504865479,0.28351143986989
280.499999999999,4867,0.106153657708771,0.244913115114877,0.433433945172678
280.499999999999,4866.9,0.119134298931326,0.250281553041209,0.476001117476327
280.499999999998,4866.7,0.149254989334399,0.268874024706369,0.555111225405267
280.499999999999,4866.6,0.166750397415105,0.283226339015354,0.588753143492299
279.999999999999,4866.3,0.425601222007774,0.281798001066755,1.51030603622683
280.999999999998,4867,0.111061523992929,0.282679070133478,0.392889094832834
280.999999999999,4867.2,0.138334470861277,0.265140389220298,0.521740468391402
280.999999999999,4867.3,0.151970944295181,0.275661325800576,0.55129584773572
280.999999999999,4867.5,0.174362834885836,0.267823135304962,0.651037240256689
280.999999999998,4867.6,0.178602536710511,0.248280680182027,0.719357368360553
280.999999999999,4867.8,0.187081940360442,0.246407093915448,0.759239262911147
280.999999999999,4867.9,0.1898986540426,0.246451939632604,0.770530166350853
280.999999999999,4868.1,0.19264211050671,0.253254728057222,0.760665405872237
280.999999999998,4868.2,0.184869638378412,0.262805355089764,0.703446999073773
280.999999999999,4868.4,0.152313859258317,0.248724726422043,0.612379241297732
281.499999999998,4868.8,0.243204398425908,0.254425444991359,0.955896523770126
281.499999999999,4868.7,0.225277663928521,0.274529470311287,0.820595558185723
281.499999999999,4868.5,0.260464447992595,0.255197727135212,1.02063780471913
281.499999999999,4868.4,0.281495799364843,0.247023169077591,1.13955221453913
281.5,4868.2,0.321183051575433,0.257421013633626,1.24769554373893
281.499999999998,4868.1,0.332240972117298,0.256259491849266,1.29650211088659
281.499999999999,4867.9,0.32135330793676,0.252271547647057,1.27383888882448
281.999999999999,4869.1,0.477477235636934,0.276389368640539,1.72755282877006
281.999999999999,4869,0.493162379455746,0.266863400362583,1.84799556172069
281.999999999999,4868.8,0.493902352446757,0.268720900236792,1.83797520777706
281.999999999999,4868.7,0.477534292658556,0.270401383579049,1.76602015247808
281.999999999999,4868.5,0.44223244842861,0.276056955962552,1.60196089566604
281.999999999998,4868.4,0.411972193176736,0.271957792199658,1.51483871759882
281.999999999999,4868.2,0.387819582760156,0.254891132742039,1.52151068806559
282.499999999999,4868.8,0.637692689372912,0.314187219828777,2.02965827101572
282.499999999999,4868.7,0.596435487540759,0.29185347901027,2.04361273870499
282.499999999999,4868.5,0.513921083875465,0.281465517772746,1.82587582287932
282.499999999997,4868.4,0.474630068162842,0.289465136295172,1.6396795629262
282.999999999998,4868.7,0.591238137760483,0.326384974392019,1.81147474347379
282.999999999999,4868.5,0.485200669441056,0.311257213317353,1.55884152617646
282.999999999999,4868.4,0.436010223403319,0.306042513236627,1.42467207837299
282.999999999999,4868.2,0.344713745154849,0.309993359488106,1.11200364331699
282.999999999999,4868.1,0.30869266444832,0.316983682471423,0.973844022637191
