"section","claim","stated","actual","status"
"Table 3, run (a)","beta0 bias",-0.087,-0.086802,"ok"
"Table 3, run (a)","beta0 MC SE",0.011,0.01138,"ok"
"Table 3, run (a)","beta0 RMSE",0.143,0.142673,"ok"
"Table 3, run (a)","beta0 coverage",0.87,0.87,"ok"
"Table 3, run (a)","beta0 CRPS",0.0821,0.082129,"ok"
"Table 3, run (a)","beta1 bias",-0.076,-0.076201,"ok"
"Table 3, run (a)","beta1 MC SE",0.005,0.005194,"ok"
"Table 3, run (a)","beta1 RMSE",0.092,0.092074,"ok"
"Table 3, run (a)","beta1 coverage",0.68,0.68,"ok"
"Table 3, run (a)","beta1 CRPS",0.0587,0.058664,"ok"
"Table 4, run (a)","RMSE hierarchical",0.247,0.247232,"ok"
"Table 4, run (a)","RMSE independent",0.219,0.219234,"ok"
"Table 4, run (a)","closer to truth",0.453,0.453333,"ok"
"Table 3, run (b)","beta0 bias",-0.084,-0.084045,"ok"
"Table 3, run (b)","beta0 MC SE",0.011,0.011488,"ok"
"Table 3, run (b)","beta0 RMSE",0.142,0.141877,"ok"
"Table 3, run (b)","beta0 coverage",0.85,0.85,"ok"
"Table 3, run (b)","beta0 CRPS",0.0813,0.081335,"ok"
"Table 3, run (b)","beta1 bias",-0.05,-0.049832,"ok"
"Table 3, run (b)","beta1 MC SE",0.005,0.005205,"ok"
"Table 3, run (b)","beta1 RMSE",0.072,0.071873,"ok"
"Table 3, run (b)","beta1 coverage",0.84,0.84,"ok"
"Table 3, run (b)","beta1 CRPS",0.0425,0.042517,"ok"
"Table 4, run (b)","RMSE hierarchical",0.241,0.240581,"ok"
"Table 4, run (b)","RMSE independent",0.205,0.205344,"ok"
"Table 4, run (b)","closer to truth",0.453,0.453333,"ok"
"Table 3, run (c)","beta0 bias",-0.062,-0.062141,"ok"
"Table 3, run (c)","beta0 MC SE",0.011,0.011015,"ok"
"Table 3, run (c)","beta0 RMSE",0.126,0.125986,"ok"
"Table 3, run (c)","beta0 coverage",0.9,0.9,"ok"
"Table 3, run (c)","beta0 CRPS",0.0717,0.071675,"ok"
"Table 3, run (c)","beta1 bias",-0.074,-0.073589,"ok"
"Table 3, run (c)","beta1 MC SE",0.005,0.005388,"ok"
"Table 3, run (c)","beta1 RMSE",0.091,0.091048,"ok"
"Table 3, run (c)","beta1 coverage",0.76,0.76,"ok"
"Table 3, run (c)","beta1 CRPS",0.0565,0.056549,"ok"
"Table 4, run (c)","RMSE hierarchical",0.182,0.18188,"ok"
"Table 4, run (c)","RMSE independent",0.22,0.22021,"ok"
"Table 4, run (c)","closer to truth",0.615,0.615,"ok"
"Section 4.3","generating intercepts identical across runs (a) and (c)",0,0,"ok"
"Section 4.3","paired change in excess MSE",-0.0285,-0.028472,"ok"
"Section 4.3","its paired standard error",0.0021,0.002147,"ok"
"Section 5.3","smallest hierarchical ratio",1.14,1.135943,"ok"
"Section 5.3","largest hierarchical ratio",1.19,1.191759,"ok"
"Section 5.3","smallest independent ratio",1.07,1.065797,"ok"
"Section 5.3","largest independent ratio",2.99,2.994796,"ok"
"Section 5.3","P(recorded) mean |ratio-1|, hierarchical",0.012,0.012186,"ok"
"Section 5.3","P(recorded) mean |ratio-1|, independent",0.045,0.045423,"ok"
"Table 5","smallest conditional p_hat",0.106,0.105642,"ok"
"Table 5","largest conditional p_hat",0.566,0.565999,"ok"
"Section 5.3","correlation, implied vs independent ratio",0.98,0.977342,"ok"
"Section 5.3","correlation, implied vs hierarchical ratio",0.61,0.610544,"ok"
"Section 5.3","species with p_hat below 0.25",5,5,"ok"
"Appendix S3.9","species with D > 1",11,11,"ok"
"Appendix S3.9","smallest D",0.94,0.936763,"ok"
"Appendix S3.9","largest D",1.25,1.254783,"ok"
"Appendix S3.9","bootstrap p < 0.05",9,9,"ok"
"Appendix S3.9","significant after Holm",6,6,"ok"
"Section 5.3","smallest excess of fitted over conditional p",0.016,0.016145,"ok"
"Section 5.3","largest excess of fitted over conditional p",0.059,0.058641,"ok"
"Section 5.3","correlation after refitting with fitted p",0.99,0.991833,"ok"
"Section 5.3","summed |implied - independent|, conditional p",3.44,3.43574,"ok"
"Section 5.3","summed |implied - independent|, fitted p",0.86,0.862486,"ok"
"Appendix S3.7","hierarchical predictions, minimum",1.66,1.656869,"ok"
"Appendix S3.7","hierarchical predictions, maximum",1.71,1.705527,"ok"
"Appendix S3.7","mean excess of independent predictions",0.046,0.046363,"ok"
"Appendix S3.7","species whose observed value is outside the hierarchical interval",11,11,"ok"
"Section 5.7","hierarchical mean log score",-1.053,-1.052907,"ok"
"Section 5.7","independent mean log score",-0.96,-0.959507,"ok"
"Section 5.7","paired log-score difference",-0.093,-0.093401,"ok"
"Section 5.7","paired Brier difference",0.025,0.025395,"ok"
"Section 5.7","cluster SE, log score",0.005,0.00532,"ok"
"Section 5.7","cluster SE, Brier",0.002,0.001993,"ok"
"Table 9","M1 ratio range, minimum",1.14,1.13674,"ok"
"Table 9","M1 ratio range, maximum",1.19,1.193456,"ok"
"Table 9","M3 ratio range, minimum",1.09,1.094867,"ok"
"Table 9","M3 ratio range, maximum",2.73,2.728795,"ok"
"Section 5.8","smallest psi_bar factor, M3 over M1",2.24,2.23657,"ok"
"Section 5.8","largest psi_bar factor, M3 over M1",2.32,2.316312,"ok"
"Table 10","M1 log-score difference",-0.0934,-0.09341,"ok"
"Table 10","M2 log-score difference",-0.0397,-0.039709,"ok"
"Table 10","M3 log-score difference",-0.0236,-0.023582,"ok"
"Section 5.8","share of the log-score gap closed by M2",0.57,0.574898,"ok"
"Section 5.8","share of the log-score gap closed by M3",0.75,0.747537,"ok"
"Section 5.8","share of the Brier gap closed by M3",0.7,0.698532,"ok"
"Section 3.1","smallest posterior range",2.84,2.839811,"ok"
"Section 3.1","largest posterior range",3.57,3.570537,"ok"
"Section 3.1","smallest field SD",0.494,0.494237,"ok"
"Section 3.1","largest field SD",0.578,0.577876,"ok"
"Section 3.1","largest change in a species intercept",0.011,0.010534,"ok"
"Section 3.1","largest change in beta0, in posterior SDs",0.1,0.102144,"ok"
"Section 3.3","Gaussian, largest discrepancy in posterior SDs",0.005,0.005357,"ok"
"Section 3.3","simplified Laplace, largest discrepancy",0.249,0.24925,"ok"
"Section 3.3","simplified Laplace, excluding the species precision",0.074,0.074114,"ok"
"Section 3.3","largest species-intercept change, logit scale",0.0025,0.002466,"ok"
"Section 3.3","correlation of MCMC with conditional detection",0.998,0.997745,"ok"
"Section 3.3","mean excess of MCMC over conditional detection",0.012,0.01157,"ok"
"Section 3.3","MCMC ratio range, minimum",1.11,1.11176,"ok"
"Section 3.3","MCMC ratio range, maximum",3.52,3.515622,"ok"
"Limitations","species AR(1) intervals that include zero",12,12,"ok"
"Appendix S3.8","D at p = 0.15, sigma = 1",1.1,1.104,"ok"
"Appendix S3.8","estimate of p there",0.282,0.282,"ok"
"Appendix S3.8","true ratio there",2.38,2.378,"ok"
"Appendix S3.8","implied ratio there",1.59,1.594,"ok"
"Appendix S3.8","scenario A: largest |p_full - p_ztb|",0,0,"ok"
"Appendix S3.8","scenario B: largest |p_full - p_ztb|",0,0,"ok"
"Appendix S3.8","scenario C: largest |p_full - p_ztb|",0.019,0.019,"ok"
"Section 4.2","bias against the unweighted mean",0.002,0.001968,"ok"
"Section 4.2","its standard error",0.004,0.004103,"ok"
"Section 4.2","gap between the two targets",0.095,0.094652,"ok"
"Section 4.2","regression of displacement on the gap",0.14,0.143234,"ok"
"Section 4.2","its standard error",0.1,0.100784,"ok"
"Section 4.2","slope bias with the occupancy likelihood, no field",-0.054,-0.054104,"ok"
"Section 4.2","its coverage",0.84,0.84,"ok"
"Limitations","far-tercile coverage, marginal intervals",0.865,0.865,"ok"
"Limitations","far-tercile coverage, joint intervals",0.85,0.85,"ok"
"Section 5.8","smallest M3/M1 factor, five least detectable",2.09,2.23657,"ok"
"Section 5.8","largest M3/M1 factor, five least detectable",2.33,2.316312,"ok"
"Section 5.6","field posterior mean, minimum",-0.45,-0.450704,"ok"
"Section 5.6","field posterior mean, maximum",0.64,0.642664,"ok"
"Section 5.6","median posterior SD of the field",0.25,0.250213,"ok"
"Section 5.6","median |mean| / SD",0.66,0.653882,"ok"
